"pair_id","role","version_a","version_b","preferred","reviewer_reason"
"strategy-director","Strategy Director","Commercial, operations and analytics leader.
Set portfolio priorities and investment cases across five markets.
Launched a new channel with product, sales and local operations.
Led and coached a multidisciplinary team of 14 people.
Introduced governance and risk reviews for a regulated programme.
Built SQL reporting that shortened weekly decisions by two days.","Commercial, operations and analytics leader. Set portfolio priorities and investment cases across five markets, and launched a new channel with product, sales and local operations. Previously led and coached a multidisciplinary team of 14 people and introduced governance and risk reviews for a regulated programme.
Set portfolio priorities and investment cases across five markets.
Launched a new channel with product, sales and local operations.
Led and coached a multidisciplinary team of 14 people.
Introduced governance and risk reviews for a regulated programme.
Built SQL reporting that shortened weekly decisions by two days.","",""
"operations-director","Operations Director","Commercial, operations and analytics leader. Led and coached a multidisciplinary team of 14 people, introduced governance and risk reviews for a regulated programme, and launched a new channel with product, sales and local operations.
Launched a new channel with product, sales and local operations.
Set portfolio priorities and investment cases across five markets.
Led and coached a multidisciplinary team of 14 people.
Introduced governance and risk reviews for a regulated programme.
Built SQL reporting that shortened weekly decisions by two days.","Commercial, operations and analytics leader.
Set portfolio priorities and investment cases across five markets.
Launched a new channel with product, sales and local operations.
Led and coached a multidisciplinary team of 14 people.
Introduced governance and risk reviews for a regulated programme.
Built SQL reporting that shortened weekly decisions by two days.","",""
"analytics-lead","Analytics Lead","Commercial, operations and analytics leader.
Set portfolio priorities and investment cases across five markets.
Launched a new channel with product, sales and local operations.
Led and coached a multidisciplinary team of 14 people.
Introduced governance and risk reviews for a regulated programme.
Built SQL reporting that shortened weekly decisions by two days.","Commercial, operations and analytics leader. Built SQL reporting that shortened weekly decisions by two days, led and coached a multidisciplinary team of 14 people, and set portfolio priorities and investment cases across five markets.
Set portfolio priorities and investment cases across five markets.
Launched a new channel with product, sales and local operations.
Led and coached a multidisciplinary team of 14 people.
Introduced governance and risk reviews for a regulated programme.
Built SQL reporting that shortened weekly decisions by two days.","",""
